[
  {
  "function": "minecraft:set_name",
  "entity": "this",
  "name": [
    {
      "text": "Siderite Sword 0/20 C +",
      "color": "gold",
      "bold": true
    },
    {
      "score": {
        "name": "@s",
        "objective": "star_smelt",
        "value": "@s"
      },
      "color": "gold",
      "bold": true,
      "italic": true
    }
  ],
  "conditions": [
    {
      "condition": "minecraft:entity_scores",
      "entity": "this",
      "scores": {
        "star_smelt": {
          "min": 1,
          "max": 999
        },
        "starprof": {
          "min": 0,
          "max": 99
        }
      }
    }
  ]
},
{
"function": "minecraft:set_name",
"entity": "this",
"name": [
  {
    "text": "Siderite Sword 0/20 UC +",
    "color": "gold",
    "bold": true
  },
  {
    "score": {
      "name": "@s",
      "objective": "star_smelt",
      "value": "@s"
    },
    "color": "gold",
    "bold": true,
    "italic": true
  }
],
"conditions": [
  {
    "condition": "minecraft:entity_scores",
    "entity": "this",
    "scores": {
      "star_smelt": {
        "min": 1,
        "max": 999
      },
      "starprof": {
        "min": 100,
        "max": 199
      }
    }
  }
]
},
{
"function": "minecraft:set_name",
"entity": "this",
"name": [
  {
    "text": "Siderite Sword 0/20 R +",
    "color": "gold",
    "bold": true
  },
  {
    "score": {
      "name": "@s",
      "objective": "star_smelt",
      "value": "@s"
    },
    "color": "gold",
    "bold": true,
    "italic": true
  }
],
"conditions": [
  {
    "condition": "minecraft:entity_scores",
    "entity": "this",
    "scores": {
      "star_smelt": {
        "min": 1,
        "max": 999
      },
      "starprof": {
        "min": 200,
        "max": 299
      }
    }
  }
]
},
{
"function": "minecraft:set_name",
"entity": "this",
"name": [
  {
    "text": "Siderite Sword 0/20 SR +",
    "color": "gold",
    "bold": true
  },
  {
    "score": {
      "name": "@s",
      "objective": "star_smelt",
      "value": "@s"
    },
    "color": "gold",
    "bold": true,
    "italic": true
  }
],
"conditions": [
  {
    "condition": "minecraft:entity_scores",
    "entity": "this",
    "scores": {
      "star_smelt": {
        "min": 1,
        "max": 999
      },
      "starprof": {
        "min": 300,
        "max": 499
      }
    }
  }
]
},
{
"function": "minecraft:set_name",
"entity": "this",
"name": [
  {
    "text": "Siderite Sword 0/20 AR +",
    "color": "gold",
    "bold": true
  },
  {
    "score": {
      "name": "@s",
      "objective": "star_smelt",
      "value": "@s"
    },
    "color": "gold",
    "bold": true,
    "italic": true
  }
],
"conditions": [
  {
    "condition": "minecraft:entity_scores",
    "entity": "this",
    "scores": {
      "star_smelt": {
        "min": 1,
        "max": 999
      },
      "starprof": {
        "min": 500,
        "max": 501
      }
    }
  }
]
}
]
