{
    "__comment": "Made with TheDestruc7i0n's advancements generator: https://advancements.thedestruc7i0n.ca",
    "display": {
        "title": {
            "text": "Iron Sword",
            "color": "gold",
            "italic": true
        },
        "description": {
            "text": "<abilities locked> equip bonus: magic destruction 1"
        },
        "icon": {
            "item": "minecraft:iron_sword",
            "nbt": "{CustomModelData:3690018}"
        },
        "frame": "challenge",
        "show_toast": true,
        "announce_to_chat": false,
        "hidden": false
    },
    "criteria": {
        "skillone": {
            "trigger": "minecraft:impossible"
        }
    },
    "parent": "sword_hero:swords/stone"
}
