{
    "__comment": "Made with TheDestruc7i0n's advancements generator: https://advancements.thedestruc7i0n.ca",
    "display": {
        "title": {
            "text": "Stone Sword",
            "color": "gold",
            "italic": true
        },
        "description": {
            "text": "<abilities locked> equip bonus: defense 1"
        },
        "icon": {
            "item": "minecraft:stone_sword",
            "nbt": "{CustomModelData:3690017}"
        },
        "frame": "challenge",
        "show_toast": true,
        "announce_to_chat": false,
        "hidden": false
    },
    "criteria": {
        "skillone": {
            "trigger": "minecraft:impossible"
        }
    },
    "parent": "sword_hero:swords/wooden"
}
